Simulations,MC_Price,Analytical_Price,Error_Percent,Theoretical_StdError
1,9.439914,11.392769,17.141,100.0000
5,9.465513,11.392769,16.916,44.7214
10,9.461537,11.392769,16.951,31.6228
50,9.458309,11.392769,16.980,14.1421
100,9.442382,11.392769,17.120,10.0000
500,9.473452,11.392769,16.847,4.4721
1000,9.455424,11.392769,17.005,3.1623
10000,9.463251,11.392769,16.936,1.0000
100000,9.451375,11.392769,17.041,0.3162
1000000,9.473440,11.392769,16.847,0.1000
10000000,9.462448,11.392769,16.943,0.0316
100000000,9.456754,11.392769,16.993,0.0100
1000000000,9.456764,11.392769,16.993,0.0032
